insert into employees(employee_id,employee_name,employee_default_position,employee_active,employee_default_hourly_wage) values (101,'Álmos Előd',0,TRUE,1100);
insert into employees(employee_id,employee_name,employee_default_position,employee_active,employee_default_hourly_wage) values (102,'Ond Kond',0,TRUE,1100);
insert into employees(employee_id,employee_name,employee_default_position,employee_active,employee_default_hourly_wage) values (103,'Tas Huba',0,TRUE,1200);
insert into employees(employee_id,employee_name,employee_default_position,employee_active,employee_default_hourly_wage) values (104,'Töhötöm Árpád',1,TRUE,1100);
insert into employees(employee_id,employee_name,employee_default_position,employee_active,employee_default_hourly_wage) values (105,'Koppány István',1,TRUE,1200);
insert into employees(employee_id,employee_name,employee_default_position,employee_active,employee_default_hourly_wage) values (106,'Mátyás László',2,TRUE,1400);
insert into employees(employee_id,employee_name,employee_default_position,employee_active,employee_default_hourly_wage) values (107,'Aba Zsigmod',2,TRUE,1400);
insert into employees(employee_id,employee_name,employee_default_position,employee_active,employee_default_hourly_wage) values (108,'Ferenc Ottó',1,TRUE,1200);
insert into employees(employee_id,employee_name,employee_default_position,employee_active,employee_default_hourly_wage) values (109,'Szél Tamás',1,TRUE,1800);

insert into shifts(shift_id,shift_start_dt,shift_duration) values (101,'2018-05-05 10:00:00',10);
insert into shifts(shift_id,shift_start_dt,shift_duration) values (102,'2018-05-05 16:00:00',6);
insert into shifts(shift_id,shift_start_dt,shift_duration) values (103,'2018-05-06 10:00:00',10);
insert into shifts(shift_id,shift_start_dt,shift_duration) values (104,'2018-05-06 16:00:00',6);
insert into shifts(shift_id,shift_start_dt,shift_duration) values (105,'2018-05-07 10:00:00',10);
insert into shifts(shift_id,shift_start_dt,shift_duration) values (106,'2018-05-07 16:00:00',6);
insert into shifts(shift_id,shift_start_dt,shift_duration) values (107,'2018-05-08 10:00:00',10);
insert into shifts(shift_id,shift_start_dt,shift_duration) values (108,'2018-05-08 16:00:00',6);
insert into shifts(shift_id,shift_start_dt,shift_duration) values (109,'2018-05-09 10:00:00',10);
insert into shifts(shift_id,shift_start_dt,shift_duration) values (110,'2018-05-09 16:00:00',6);
insert into shifts(shift_id,shift_start_dt,shift_duration) values (111,'2018-05-10 10:00:00',10);
insert into shifts(shift_id,shift_start_dt,shift_duration) values (112,'2018-05-10 16:00:00',6);
insert into shifts(shift_id,shift_start_dt,shift_duration) values (113,'2018-05-13 10:00:00',10);
insert into shifts(shift_id,shift_start_dt,shift_duration) values (114,'2018-05-13 16:00:00',6);
insert into shifts(shift_id,shift_start_dt,shift_duration) values (115,'2018-05-14 10:00:00',10);
insert into shifts(shift_id,shift_start_dt,shift_duration) values (116,'2018-05-14 16:00:00',6);
insert into shifts(shift_id,shift_start_dt,shift_duration) values (117,'2018-05-15 10:00:00',10);
insert into shifts(shift_id,shift_start_dt,shift_duration) values (118,'2018-05-15 16:00:00',6);
insert into shifts(shift_id,shift_start_dt,shift_duration) values (119,'2018-05-16 10:00:00',10);
insert into shifts(shift_id,shift_start_dt,shift_duration) values (120,'2018-05-16 16:00:00',6);
insert into shifts(shift_id,shift_start_dt,shift_duration) values (121,'2018-05-17 10:00:00',10);
insert into shifts(shift_id,shift_start_dt,shift_duration) values (122,'2018-05-17 16:00:00',6);
insert into shifts(shift_id,shift_start_dt,shift_duration) values (123,'2018-05-18 10:00:00',10);
insert into shifts(shift_id,shift_start_dt,shift_duration) values (124,'2018-05-18 16:00:00',6);
insert into shifts(shift_id,shift_start_dt,shift_duration) values (125,'2018-05-19 10:00:00',10);
insert into shifts(shift_id,shift_start_dt,shift_duration) values (126,'2018-05-19 16:00:00',6);
insert into shifts(shift_id,shift_start_dt,shift_duration) values (127,'2018-05-20 10:00:00',10);
insert into shifts(shift_id,shift_start_dt,shift_duration) values (128,'2018-05-20 16:00:00',6);
insert into shifts(shift_id,shift_start_dt,shift_duration) values (129,'2018-05-21 10:00:00',10);
insert into shifts(shift_id,shift_start_dt,shift_duration) values (130,'2018-05-21 16:00:00',6);
insert into shifts(shift_id,shift_start_dt,shift_duration) values (131,'2018-05-22 10:00:00',10);
insert into shifts(shift_id,shift_start_dt,shift_duration) values (132,'2018-05-22 16:00:00',6);
insert into shifts(shift_id,shift_start_dt,shift_duration) values (133,'2018-05-23 10:00:00',10);
insert into shifts(shift_id,shift_start_dt,shift_duration) values (134,'2018-05-23 16:00:00',6);
insert into shifts(shift_id,shift_start_dt,shift_duration) values (135,'2018-05-24 10:00:00',10);
insert into shifts(shift_id,shift_start_dt,shift_duration) values (136,'2018-05-24 16:00:00',6);
insert into shifts(shift_id,shift_start_dt,shift_duration) values (137,'2018-05-25 10:00:00',10);
insert into shifts(shift_id,shift_start_dt,shift_duration) values (138,'2018-05-25 16:00:00',6);
insert into shifts(shift_id,shift_start_dt,shift_duration) values (139,'2018-05-26 10:00:00',10);
insert into shifts(shift_id,shift_start_dt,shift_duration) values (140,'2018-05-26 16:00:00',6);
insert into shifts(shift_id,shift_start_dt,shift_duration) values (141,'2018-05-27 10:00:00',10);
insert into shifts(shift_id,shift_start_dt,shift_duration) values (142,'2018-05-27 16:00:00',6);
insert into shifts(shift_id,shift_start_dt,shift_duration) values (143,'2018-05-28 10:00:00',10);
insert into shifts(shift_id,shift_start_dt,shift_duration) values (144,'2018-05-28 16:00:00',6);
insert into shifts(shift_id,shift_start_dt,shift_duration) values (145,'2018-05-29 10:00:00',10);
insert into shifts(shift_id,shift_start_dt,shift_duration) values (146,'2018-05-29 16:00:00',6);
insert into shifts(shift_id,shift_start_dt,shift_duration) values (147,'2018-05-30 10:00:00',10);
insert into shifts(shift_id,shift_start_dt,shift_duration) values (148,'2018-05-30 16:00:00',6);
insert into shifts(shift_id,shift_start_dt,shift_duration) values (149,'2018-06-01 10:00:00',10);
insert into shifts(shift_id,shift_start_dt,shift_duration) values (150,'2018-06-01 16:00:00',6);
insert into shifts(shift_id,shift_start_dt,shift_duration) values (151,'2018-06-02 10:00:00',10);
insert into shifts(shift_id,shift_start_dt,shift_duration) values (152,'2018-06-02 16:00:00',6);
insert into shifts(shift_id,shift_start_dt,shift_duration) values (153,'2018-06-03 10:00:00',10);
insert into shifts(shift_id,shift_start_dt,shift_duration) values (154,'2018-06-03 16:00:00',6);
insert into shifts(shift_id,shift_start_dt,shift_duration) values (155,'2018-06-04 10:00:00',10);
insert into shifts(shift_id,shift_start_dt,shift_duration) values (156,'2018-06-04 16:00:00',6);
insert into shifts(shift_id,shift_start_dt,shift_duration) values (157,'2018-06-05 10:00:00',10);
insert into shifts(shift_id,shift_start_dt,shift_duration) values (158,'2018-06-05 10:00:00',10);
insert into shifts(shift_id,shift_start_dt,shift_duration) values (159,'2018-06-05 16:00:00',6);
insert into shifts(shift_id,shift_start_dt,shift_duration) values (160,'2018-06-05 16:00:00',6);
insert into shifts(shift_id,shift_start_dt,shift_duration) values (161,'2018-06-06 10:00:00',10);
insert into shifts(shift_id,shift_start_dt,shift_duration) values (162,'2018-06-06 10:00:00',10);
insert into shifts(shift_id,shift_start_dt,shift_duration) values (163,'2018-06-06 16:00:00',6);
insert into shifts(shift_id,shift_start_dt,shift_duration) values (164,'2018-06-06 16:00:00',6);
insert into shifts(shift_id,shift_start_dt,shift_duration) values (165,'2018-06-07 10:00:00',10);
insert into shifts(shift_id,shift_start_dt,shift_duration) values (166,'2018-06-07 16:00:00',6);
insert into shifts(shift_id,shift_start_dt,shift_duration) values (167,'2018-06-08 10:00:00',10);
insert into shifts(shift_id,shift_start_dt,shift_duration) values (168,'2018-06-08 16:00:00',6);
insert into shifts(shift_id,shift_start_dt,shift_duration) values (169,'2018-06-09 11:00:00',10);
insert into shifts(shift_id,shift_start_dt,shift_duration) values (170,'2018-06-09 16:00:00',6);
insert into shifts(shift_id,shift_start_dt,shift_duration) values (171,'2018-06-10 10:00:00',10);
insert into shifts(shift_id,shift_start_dt,shift_duration) values (172,'2018-06-10 16:00:00',6);
insert into shifts(shift_id,shift_start_dt,shift_duration) values (173,'2018-06-13 10:00:00',10);
insert into shifts(shift_id,shift_start_dt,shift_duration) values (174,'2018-06-13 16:00:00',6);
insert into shifts(shift_id,shift_start_dt,shift_duration) values (175,'2018-06-14 10:00:00',10);
insert into shifts(shift_id,shift_start_dt,shift_duration) values (176,'2018-06-14 16:00:00',6);
insert into shifts(shift_id,shift_start_dt,shift_duration) values (177,'2018-06-15 10:00:00',10);
insert into shifts(shift_id,shift_start_dt,shift_duration) values (178,'2018-06-15 16:00:00',6);
insert into shifts(shift_id,shift_start_dt,shift_duration) values (179,'2018-06-16 10:00:00',10);
insert into shifts(shift_id,shift_start_dt,shift_duration) values (180,'2018-06-16 16:00:00',6);
insert into shifts(shift_id,shift_start_dt,shift_duration) values (181,'2018-06-17 10:00:00',10);
insert into shifts(shift_id,shift_start_dt,shift_duration) values (182,'2018-06-17 16:00:00',6);
insert into shifts(shift_id,shift_start_dt,shift_duration) values (183,'2018-06-18 10:00:00',10);
insert into shifts(shift_id,shift_start_dt,shift_duration) values (184,'2018-06-18 16:00:00',6);
insert into shifts(shift_id,shift_start_dt,shift_duration) values (185,'2018-06-19 10:00:00',10);
insert into shifts(shift_id,shift_start_dt,shift_duration) values (186,'2018-06-19 16:00:00',6);
insert into shifts(shift_id,shift_start_dt,shift_duration) values (187,'2018-06-20 10:00:00',10);
insert into shifts(shift_id,shift_start_dt,shift_duration) values (188,'2018-06-20 16:00:00',6);
insert into shifts(shift_id,shift_start_dt,shift_duration) values (189,'2018-06-21 10:00:00',10);
insert into shifts(shift_id,shift_start_dt,shift_duration) values (190,'2018-06-21 16:00:00',6);
insert into shifts(shift_id,shift_start_dt,shift_duration) values (191,'2018-06-22 10:00:00',10);
insert into shifts(shift_id,shift_start_dt,shift_duration) values (192,'2018-06-22 16:00:00',6);
insert into shifts(shift_id,shift_start_dt,shift_duration) values (193,'2018-06-23 10:00:00',10);
insert into shifts(shift_id,shift_start_dt,shift_duration) values (194,'2018-06-23 16:00:00',6);
insert into shifts(shift_id,shift_start_dt,shift_duration) values (195,'2018-06-24 10:00:00',10);
insert into shifts(shift_id,shift_start_dt,shift_duration) values (196,'2018-06-24 16:00:00',6);
insert into shifts(shift_id,shift_start_dt,shift_duration) values (197,'2018-06-25 10:00:00',10);
insert into shifts(shift_id,shift_start_dt,shift_duration) values (198,'2018-06-25 16:00:00',6);
insert into shifts(shift_id,shift_start_dt,shift_duration) values (199,'2018-06-26 10:00:00',10);
insert into shifts(shift_id,shift_start_dt,shift_duration) values (200,'2018-06-26 16:00:00',6);
insert into shifts(shift_id,shift_start_dt,shift_duration) values (201,'2018-06-27 10:00:00',10);
insert into shifts(shift_id,shift_start_dt,shift_duration) values (202,'2018-06-27 16:00:00',6);
insert into shifts(shift_id,shift_start_dt,shift_duration) values (203,'2018-06-28 10:00:00',10);
insert into shifts(shift_id,shift_start_dt,shift_duration) values (204,'2018-06-28 16:00:00',6);
insert into shifts(shift_id,shift_start_dt,shift_duration) values (205,'2018-06-29 10:00:00',10);
insert into shifts(shift_id,shift_start_dt,shift_duration) values (206,'2018-06-29 16:00:00',6);
insert into shifts(shift_id,shift_start_dt,shift_duration) values (207,'2018-06-30 10:00:00',10);
insert into shifts(shift_id,shift_start_dt,shift_duration) values (208,'2018-06-30 16:00:00',6);

insert into employee_shifts(employee_shift_id,employee_shift_employee_id,employee_shift_shift_id,employee_shift_actual_start,employee_shift_actual_end,employee_shift_actual_position) values (110,105,105,'2018-05-07 11:11:00','2018-05-07 21:20:00',1);
insert into employee_shifts(employee_shift_id,employee_shift_employee_id,employee_shift_shift_id,employee_shift_actual_start,employee_shift_actual_end,employee_shift_actual_position) values (111,107,105,'2018-05-07 11:00:00','2018-05-07 21:00:00',2);
insert into employee_shifts(employee_shift_id,employee_shift_employee_id,employee_shift_shift_id,employee_shift_actual_start,employee_shift_actual_end,employee_shift_actual_position) values (112,103,106,'2018-05-07 16:00:00','2018-05-07 22:00:00',0);
insert into employee_shifts(employee_shift_id,employee_shift_employee_id,employee_shift_shift_id,employee_shift_actual_start,employee_shift_actual_end,employee_shift_actual_position) values (113,108,107,'2018-05-08 11:11:00','2018-05-08 21:30:00',0);
insert into employee_shifts(employee_shift_id,employee_shift_employee_id,employee_shift_shift_id,employee_shift_actual_start,employee_shift_actual_end,employee_shift_actual_position) values (114,105,107,'2018-05-08 11:20:00','2018-05-08 20:45:00',1);
insert into employee_shifts(employee_shift_id,employee_shift_employee_id,employee_shift_shift_id,employee_shift_actual_start,employee_shift_actual_end,employee_shift_actual_position) values (115,107,107,'2018-05-08 11:11:00','2018-05-08 21:00:00',2);
insert into employee_shifts(employee_shift_id,employee_shift_employee_id,employee_shift_shift_id,employee_shift_actual_start,employee_shift_actual_end,employee_shift_actual_position) values (116,103,108,'2018-05-08 16:00:00','2018-05-08 22:10:00',0);
insert into employee_shifts(employee_shift_id,employee_shift_employee_id,employee_shift_shift_id,employee_shift_actual_start,employee_shift_actual_end,employee_shift_actual_position) values (117,101,109,'2018-05-09 11:00:00','2018-05-09 21:00:00',0);
insert into employee_shifts(employee_shift_id,employee_shift_employee_id,employee_shift_shift_id,employee_shift_actual_start,employee_shift_actual_end,employee_shift_actual_position) values (118,104,109,'2018-05-09 11:11:00','2018-05-09 21:20:00',1);
insert into employee_shifts(employee_shift_id,employee_shift_employee_id,employee_shift_shift_id,employee_shift_actual_start,employee_shift_actual_end,employee_shift_actual_position) values (119,108,109,'2018-05-09 11:00:00','2018-05-09 21:00:00',2);
insert into employee_shifts(employee_shift_id,employee_shift_employee_id,employee_shift_shift_id,employee_shift_actual_start,employee_shift_actual_end,employee_shift_actual_position) values (120,102,110,'2018-05-09 16:11:00','2018-05-09 22:00:00',0);
insert into employee_shifts(employee_shift_id,employee_shift_employee_id,employee_shift_shift_id,employee_shift_actual_start,employee_shift_actual_end,employee_shift_actual_position) values (121,101,111,'2018-05-10 11:11:00','2018-05-10 21:30:00',0);
insert into employee_shifts(employee_shift_id,employee_shift_employee_id,employee_shift_shift_id,employee_shift_actual_start,employee_shift_actual_end,employee_shift_actual_position) values (122,104,111,'2018-05-10 11:20:00','2018-05-10 20:45:00',1);
insert into employee_shifts(employee_shift_id,employee_shift_employee_id,employee_shift_shift_id,employee_shift_actual_start,employee_shift_actual_end,employee_shift_actual_position) values (123,106,111,'2018-05-10 11:11:00','2018-05-10 21:00:00',2);
insert into employee_shifts(employee_shift_id,employee_shift_employee_id,employee_shift_shift_id,employee_shift_actual_start,employee_shift_actual_end,employee_shift_actual_position) values (124,102,112,'2018-05-10 16:11:00','2018-05-10 22:10:00',0);
insert into employee_shifts(employee_shift_id,employee_shift_employee_id,employee_shift_shift_id,employee_shift_actual_start,employee_shift_actual_end,employee_shift_actual_position) values (125,108,113,'2018-05-13 11:00:00','2018-05-13 21:00:00',0);
insert into employee_shifts(employee_shift_id,employee_shift_employee_id,employee_shift_shift_id,employee_shift_actual_start,employee_shift_actual_end,employee_shift_actual_position) values (126,105,113,'2018-05-13 11:11:00','2018-05-13 21:20:00',1);
insert into employee_shifts(employee_shift_id,employee_shift_employee_id,employee_shift_shift_id,employee_shift_actual_start,employee_shift_actual_end,employee_shift_actual_position) values (127,108,113,'2018-05-13 11:00:00','2018-05-13 21:00:00',2);
insert into employee_shifts(employee_shift_id,employee_shift_employee_id,employee_shift_shift_id,employee_shift_actual_start,employee_shift_actual_end,employee_shift_actual_position) values (128,103,114,'2018-05-13 16:00:00','2018-05-13 22:00:00',0);
insert into employee_shifts(employee_shift_id,employee_shift_employee_id,employee_shift_shift_id,employee_shift_actual_start,employee_shift_actual_end,employee_shift_actual_position) values (129,108,115,'2018-05-14 11:00:00','2018-05-14 21:30:00',0);
insert into employee_shifts(employee_shift_id,employee_shift_employee_id,employee_shift_shift_id,employee_shift_actual_start,employee_shift_actual_end,employee_shift_actual_position) values (130,105,115,'2018-05-14 11:20:00','2018-05-14 20:45:00',1);
insert into employee_shifts(employee_shift_id,employee_shift_employee_id,employee_shift_shift_id,employee_shift_actual_start,employee_shift_actual_end,employee_shift_actual_position) values (131,107,115,'2018-05-14 11:00:00','2018-05-14 21:00:00',2);
insert into employee_shifts(employee_shift_id,employee_shift_employee_id,employee_shift_shift_id,employee_shift_actual_start,employee_shift_actual_end,employee_shift_actual_position) values (132,103,116,'2018-05-14 16:20:00','2018-05-14 22:10:00',0);
insert into employee_shifts(employee_shift_id,employee_shift_employee_id,employee_shift_shift_id,employee_shift_actual_start,employee_shift_actual_end,employee_shift_actual_position) values (133,101,117,'2018-05-15 11:00:00','2018-05-15 21:00:00',0);
insert into employee_shifts(employee_shift_id,employee_shift_employee_id,employee_shift_shift_id,employee_shift_actual_start,employee_shift_actual_end,employee_shift_actual_position) values (134,104,117,'2018-05-15 11:11:00','2018-05-15 21:20:00',1);
insert into employee_shifts(employee_shift_id,employee_shift_employee_id,employee_shift_shift_id,employee_shift_actual_start,employee_shift_actual_end,employee_shift_actual_position) values (135,106,117,'2018-05-15 11:00:00','2018-05-15 21:00:00',2);
insert into employee_shifts(employee_shift_id,employee_shift_employee_id,employee_shift_shift_id,employee_shift_actual_start,employee_shift_actual_end,employee_shift_actual_position) values (136,102,118,'2018-05-15 16:00:00','2018-05-15 22:00:00',0);
insert into employee_shifts(employee_shift_id,employee_shift_employee_id,employee_shift_shift_id,employee_shift_actual_start,employee_shift_actual_end,employee_shift_actual_position) values (137,101,119,'2018-05-16 11:11:00','2018-05-16 21:30:00',0);
insert into employee_shifts(employee_shift_id,employee_shift_employee_id,employee_shift_shift_id,employee_shift_actual_start,employee_shift_actual_end,employee_shift_actual_position) values (138,104,119,'2018-05-16 11:20:00','2018-05-16 20:45:00',1);
insert into employee_shifts(employee_shift_id,employee_shift_employee_id,employee_shift_shift_id,employee_shift_actual_start,employee_shift_actual_end,employee_shift_actual_position) values (139,106,119,'2018-05-16 11:11:00','2018-05-16 21:00:00',2);
insert into employee_shifts(employee_shift_id,employee_shift_employee_id,employee_shift_shift_id,employee_shift_actual_start,employee_shift_actual_end,employee_shift_actual_position) values (140,102,120,'2018-05-16 16:20:00','2018-05-16 22:10:00',0);
insert into employee_shifts(employee_shift_id,employee_shift_employee_id,employee_shift_shift_id,employee_shift_actual_start,employee_shift_actual_end,employee_shift_actual_position) values (141,108,121,'2018-05-17 11:00:00','2018-05-17 21:00:00',0);
insert into employee_shifts(employee_shift_id,employee_shift_employee_id,employee_shift_shift_id,employee_shift_actual_start,employee_shift_actual_end,employee_shift_actual_position) values (142,105,121,'2018-05-17 11:11:00','2018-05-17 21:20:00',1);
insert into employee_shifts(employee_shift_id,employee_shift_employee_id,employee_shift_shift_id,employee_shift_actual_start,employee_shift_actual_end,employee_shift_actual_position) values (143,107,121,'2018-05-17 11:00:00','2018-05-17 21:00:00',2);
insert into employee_shifts(employee_shift_id,employee_shift_employee_id,employee_shift_shift_id,employee_shift_actual_start,employee_shift_actual_end,employee_shift_actual_position) values (144,103,122,'2018-05-17 16:00:00','2018-05-17 22:00:00',0);
insert into employee_shifts(employee_shift_id,employee_shift_employee_id,employee_shift_shift_id,employee_shift_actual_start,employee_shift_actual_end,employee_shift_actual_position) values (145,108,123,'2018-05-18 11:11:00','2018-05-18 21:30:00',0);
insert into employee_shifts(employee_shift_id,employee_shift_employee_id,employee_shift_shift_id,employee_shift_actual_start,employee_shift_actual_end,employee_shift_actual_position) values (146,105,123,'2018-05-18 11:20:00','2018-05-18 20:45:00',1);
insert into employee_shifts(employee_shift_id,employee_shift_employee_id,employee_shift_shift_id,employee_shift_actual_start,employee_shift_actual_end,employee_shift_actual_position) values (147,107,123,'2018-05-18 11:11:00','2018-05-18 21:00:00',2);
insert into employee_shifts(employee_shift_id,employee_shift_employee_id,employee_shift_shift_id,employee_shift_actual_start,employee_shift_actual_end,employee_shift_actual_position) values (148,103,124,'2018-05-18 16:00:00','2018-05-18 22:10:00',0);
insert into employee_shifts(employee_shift_id,employee_shift_employee_id,employee_shift_shift_id,employee_shift_actual_start,employee_shift_actual_end,employee_shift_actual_position) values (149,101,125,'2018-05-19 11:00:00','2018-05-19 21:00:00',0);
insert into employee_shifts(employee_shift_id,employee_shift_employee_id,employee_shift_shift_id,employee_shift_actual_start,employee_shift_actual_end,employee_shift_actual_position) values (150,104,125,'2018-05-19 11:11:00','2018-05-19 21:20:00',1);
insert into employee_shifts(employee_shift_id,employee_shift_employee_id,employee_shift_shift_id,employee_shift_actual_start,employee_shift_actual_end,employee_shift_actual_position) values (151,106,125,'2018-05-19 11:00:00','2018-05-19 21:00:00',2);
insert into employee_shifts(employee_shift_id,employee_shift_employee_id,employee_shift_shift_id,employee_shift_actual_start,employee_shift_actual_end,employee_shift_actual_position) values (152,102,126,'2018-05-19 16:11:00','2018-05-19 22:00:00',0);
insert into employee_shifts(employee_shift_id,employee_shift_employee_id,employee_shift_shift_id,employee_shift_actual_start,employee_shift_actual_end,employee_shift_actual_position) values (153,101,127,'2018-05-20 11:11:00','2018-05-20 21:30:00',0);
insert into employee_shifts(employee_shift_id,employee_shift_employee_id,employee_shift_shift_id,employee_shift_actual_start,employee_shift_actual_end,employee_shift_actual_position) values (154,104,127,'2018-05-20 11:20:00','2018-05-20 20:45:00',1);
insert into employee_shifts(employee_shift_id,employee_shift_employee_id,employee_shift_shift_id,employee_shift_actual_start,employee_shift_actual_end,employee_shift_actual_position) values (155,106,127,'2018-05-20 11:11:00','2018-05-20 21:00:00',2);
insert into employee_shifts(employee_shift_id,employee_shift_employee_id,employee_shift_shift_id,employee_shift_actual_start,employee_shift_actual_end,employee_shift_actual_position) values (156,102,128,'2018-05-20 16:11:00','2018-05-20 22:10:00',0);
insert into employee_shifts(employee_shift_id,employee_shift_employee_id,employee_shift_shift_id,employee_shift_actual_start,employee_shift_actual_end,employee_shift_actual_position) values (157,108,129,'2018-05-21 11:00:00','2018-05-21 21:00:00',0);
insert into employee_shifts(employee_shift_id,employee_shift_employee_id,employee_shift_shift_id,employee_shift_actual_start,employee_shift_actual_end,employee_shift_actual_position) values (158,105,129,'2018-05-21 11:11:00','2018-05-21 21:20:00',1);
insert into employee_shifts(employee_shift_id,employee_shift_employee_id,employee_shift_shift_id,employee_shift_actual_start,employee_shift_actual_end,employee_shift_actual_position) values (159,107,129,'2018-05-21 11:00:00','2018-05-21 21:00:00',2);
insert into employee_shifts(employee_shift_id,employee_shift_employee_id,employee_shift_shift_id,employee_shift_actual_start,employee_shift_actual_end,employee_shift_actual_position) values (160,103,130,'2018-05-21 16:00:00','2018-05-21 22:00:00',0);
insert into employee_shifts(employee_shift_id,employee_shift_employee_id,employee_shift_shift_id,employee_shift_actual_start,employee_shift_actual_end,employee_shift_actual_position) values (161,108,131,'2018-05-22 11:00:00','2018-05-22 21:30:00',0);
insert into employee_shifts(employee_shift_id,employee_shift_employee_id,employee_shift_shift_id,employee_shift_actual_start,employee_shift_actual_end,employee_shift_actual_position) values (162,105,131,'2018-05-22 11:20:00','2018-05-22 20:45:00',1);
insert into employee_shifts(employee_shift_id,employee_shift_employee_id,employee_shift_shift_id,employee_shift_actual_start,employee_shift_actual_end,employee_shift_actual_position) values (163,107,131,'2018-05-22 11:00:00','2018-05-22 21:00:00',2);
insert into employee_shifts(employee_shift_id,employee_shift_employee_id,employee_shift_shift_id,employee_shift_actual_start,employee_shift_actual_end,employee_shift_actual_position) values (164,103,132,'2018-05-22 16:20:00','2018-05-22 22:10:00',0);
insert into employee_shifts(employee_shift_id,employee_shift_employee_id,employee_shift_shift_id,employee_shift_actual_start,employee_shift_actual_end,employee_shift_actual_position) values (165,101,133,'2018-05-23 11:00:00','2018-05-23 21:00:00',0);
insert into employee_shifts(employee_shift_id,employee_shift_employee_id,employee_shift_shift_id,employee_shift_actual_start,employee_shift_actual_end,employee_shift_actual_position) values (166,104,133,'2018-05-23 11:11:00','2018-05-23 21:20:00',1);
insert into employee_shifts(employee_shift_id,employee_shift_employee_id,employee_shift_shift_id,employee_shift_actual_start,employee_shift_actual_end,employee_shift_actual_position) values (167,106,133,'2018-05-23 11:00:00','2018-05-23 21:00:00',2);
insert into employee_shifts(employee_shift_id,employee_shift_employee_id,employee_shift_shift_id,employee_shift_actual_start,employee_shift_actual_end,employee_shift_actual_position) values (168,102,134,'2018-05-23 16:00:00','2018-05-23 22:00:00',0);
insert into employee_shifts(employee_shift_id,employee_shift_employee_id,employee_shift_shift_id,employee_shift_actual_start,employee_shift_actual_end,employee_shift_actual_position) values (169,101,135,'2018-05-24 11:11:00','2018-05-24 21:30:00',0);
insert into employee_shifts(employee_shift_id,employee_shift_employee_id,employee_shift_shift_id,employee_shift_actual_start,employee_shift_actual_end,employee_shift_actual_position) values (170,104,135,'2018-05-24 11:20:00','2018-05-24 20:45:00',1);
insert into employee_shifts(employee_shift_id,employee_shift_employee_id,employee_shift_shift_id,employee_shift_actual_start,employee_shift_actual_end,employee_shift_actual_position) values (171,106,135,'2018-05-24 11:11:00','2018-05-24 21:00:00',2);
insert into employee_shifts(employee_shift_id,employee_shift_employee_id,employee_shift_shift_id,employee_shift_actual_start,employee_shift_actual_end,employee_shift_actual_position) values (172,102,136,'2018-05-24 16:20:00','2018-05-24 22:10:00',0);
insert into employee_shifts(employee_shift_id,employee_shift_employee_id,employee_shift_shift_id,employee_shift_actual_start,employee_shift_actual_end,employee_shift_actual_position) values (173,108,137,'2018-05-25 11:00:00','2018-05-25 21:00:00',0);
insert into employee_shifts(employee_shift_id,employee_shift_employee_id,employee_shift_shift_id,employee_shift_actual_start,employee_shift_actual_end,employee_shift_actual_position) values (174,105,137,'2018-05-25 11:11:00','2018-05-25 21:20:00',1);
insert into employee_shifts(employee_shift_id,employee_shift_employee_id,employee_shift_shift_id,employee_shift_actual_start,employee_shift_actual_end,employee_shift_actual_position) values (175,107,137,'2018-05-25 11:00:00','2018-05-25 21:00:00',2);
insert into employee_shifts(employee_shift_id,employee_shift_employee_id,employee_shift_shift_id,employee_shift_actual_start,employee_shift_actual_end,employee_shift_actual_position) values (176,103,138,'2018-05-25 16:00:00','2018-05-25 22:00:00',0);
insert into employee_shifts(employee_shift_id,employee_shift_employee_id,employee_shift_shift_id,employee_shift_actual_start,employee_shift_actual_end,employee_shift_actual_position) values (177,108,139,'2018-05-26 11:11:00','2018-05-26 21:30:00',0);
insert into employee_shifts(employee_shift_id,employee_shift_employee_id,employee_shift_shift_id,employee_shift_actual_start,employee_shift_actual_end,employee_shift_actual_position) values (178,105,139,'2018-05-26 11:20:00','2018-05-26 20:45:00',1);
insert into employee_shifts(employee_shift_id,employee_shift_employee_id,employee_shift_shift_id,employee_shift_actual_start,employee_shift_actual_end,employee_shift_actual_position) values (179,107,139,'2018-05-26 11:11:00','2018-05-26 21:00:00',2);
insert into employee_shifts(employee_shift_id,employee_shift_employee_id,employee_shift_shift_id,employee_shift_actual_start,employee_shift_actual_end,employee_shift_actual_position) values (180,103,140,'2018-05-26 16:00:00','2018-05-26 22:10:00',0);
insert into employee_shifts(employee_shift_id,employee_shift_employee_id,employee_shift_shift_id,employee_shift_actual_start,employee_shift_actual_end,employee_shift_actual_position) values (181,101,141,'2018-05-27 11:00:00','2018-05-27 21:00:00',0);
insert into employee_shifts(employee_shift_id,employee_shift_employee_id,employee_shift_shift_id,employee_shift_actual_start,employee_shift_actual_end,employee_shift_actual_position) values (182,104,141,'2018-05-27 11:11:00','2018-05-27 21:20:00',1);
insert into employee_shifts(employee_shift_id,employee_shift_employee_id,employee_shift_shift_id,employee_shift_actual_start,employee_shift_actual_end,employee_shift_actual_position) values (183,106,141,'2018-05-27 11:00:00','2018-05-27 21:00:00',2);
insert into employee_shifts(employee_shift_id,employee_shift_employee_id,employee_shift_shift_id,employee_shift_actual_start,employee_shift_actual_end,employee_shift_actual_position) values (184,102,142,'2018-05-27 16:11:00','2018-05-27 22:00:00',0);
insert into employee_shifts(employee_shift_id,employee_shift_employee_id,employee_shift_shift_id,employee_shift_actual_start,employee_shift_actual_end,employee_shift_actual_position) values (185,101,143,'2018-05-28 11:11:00','2018-05-28 21:30:00',0);
insert into employee_shifts(employee_shift_id,employee_shift_employee_id,employee_shift_shift_id,employee_shift_actual_start,employee_shift_actual_end,employee_shift_actual_position) values (186,104,143,'2018-05-28 11:20:00','2018-05-28 20:45:00',1);
insert into employee_shifts(employee_shift_id,employee_shift_employee_id,employee_shift_shift_id,employee_shift_actual_start,employee_shift_actual_end,employee_shift_actual_position) values (187,106,143,'2018-05-28 11:11:00','2018-05-28 21:00:00',2);
insert into employee_shifts(employee_shift_id,employee_shift_employee_id,employee_shift_shift_id,employee_shift_actual_start,employee_shift_actual_end,employee_shift_actual_position) values (188,102,144,'2018-05-28 16:11:00','2018-05-28 22:10:00',0);
insert into employee_shifts(employee_shift_id,employee_shift_employee_id,employee_shift_shift_id,employee_shift_actual_start,employee_shift_actual_end,employee_shift_actual_position) values (189,108,145,'2018-05-29 11:00:00','2018-05-29 21:00:00',0);
insert into employee_shifts(employee_shift_id,employee_shift_employee_id,employee_shift_shift_id,employee_shift_actual_start,employee_shift_actual_end,employee_shift_actual_position) values (190,105,145,'2018-05-29 11:11:00','2018-05-29 21:20:00',1);
insert into employee_shifts(employee_shift_id,employee_shift_employee_id,employee_shift_shift_id,employee_shift_actual_start,employee_shift_actual_end,employee_shift_actual_position) values (191,107,145,'2018-05-29 11:00:00','2018-05-29 21:00:00',2);
insert into employee_shifts(employee_shift_id,employee_shift_employee_id,employee_shift_shift_id,employee_shift_actual_start,employee_shift_actual_end,employee_shift_actual_position) values (192,103,146,'2018-05-29 16:00:00','2018-05-29 22:00:00',0);
insert into employee_shifts(employee_shift_id,employee_shift_employee_id,employee_shift_shift_id,employee_shift_actual_start,employee_shift_actual_end,employee_shift_actual_position) values (193,108,147,'2018-05-30 11:00:00','2018-05-30 21:30:00',0);
insert into employee_shifts(employee_shift_id,employee_shift_employee_id,employee_shift_shift_id,employee_shift_actual_start,employee_shift_actual_end,employee_shift_actual_position) values (194,105,147,'2018-05-30 11:20:00','2018-05-30 20:45:00',1);
insert into employee_shifts(employee_shift_id,employee_shift_employee_id,employee_shift_shift_id,employee_shift_actual_start,employee_shift_actual_end,employee_shift_actual_position) values (195,107,147,'2018-05-30 11:00:00','2018-05-30 21:00:00',2);
insert into employee_shifts(employee_shift_id,employee_shift_employee_id,employee_shift_shift_id,employee_shift_actual_start,employee_shift_actual_end,employee_shift_actual_position) values (196,103,148,'2018-05-30 16:20:00','2018-05-30 22:10:00',0);
insert into employee_shifts(employee_shift_id,employee_shift_employee_id,employee_shift_shift_id,employee_shift_actual_start,employee_shift_actual_end,employee_shift_actual_position) values (197,101,149,'2018-06-01 11:00:00','2018-06-01 21:00:00',0);
insert into employee_shifts(employee_shift_id,employee_shift_employee_id,employee_shift_shift_id,employee_shift_actual_start,employee_shift_actual_end,employee_shift_actual_position) values (198,104,149,'2018-06-01 11:11:00','2018-06-01 21:20:00',1);
insert into employee_shifts(employee_shift_id,employee_shift_employee_id,employee_shift_shift_id,employee_shift_actual_start,employee_shift_actual_end,employee_shift_actual_position) values (199,106,149,'2018-06-01 11:00:00','2018-06-01 21:00:00',2);
insert into employee_shifts(employee_shift_id,employee_shift_employee_id,employee_shift_shift_id,employee_shift_actual_start,employee_shift_actual_end,employee_shift_actual_position) values (200,102,150,'2018-06-01 16:00:00','2018-06-01 22:00:00',0);
insert into employee_shifts(employee_shift_id,employee_shift_employee_id,employee_shift_shift_id,employee_shift_actual_start,employee_shift_actual_end,employee_shift_actual_position) values (201,101,151,'2018-06-02 11:11:00','2018-06-02 21:30:00',0);
insert into employee_shifts(employee_shift_id,employee_shift_employee_id,employee_shift_shift_id,employee_shift_actual_start,employee_shift_actual_end,employee_shift_actual_position) values (202,104,151,'2018-06-02 11:20:00','2018-06-02 20:45:00',1);
insert into employee_shifts(employee_shift_id,employee_shift_employee_id,employee_shift_shift_id,employee_shift_actual_start,employee_shift_actual_end,employee_shift_actual_position) values (203,106,151,'2018-06-02 11:11:00','2018-06-02 21:00:00',2);
insert into employee_shifts(employee_shift_id,employee_shift_employee_id,employee_shift_shift_id,employee_shift_actual_start,employee_shift_actual_end,employee_shift_actual_position) values (204,102,152,'2018-06-02 16:20:00','2018-06-02 22:10:00',0);
insert into employee_shifts(employee_shift_id,employee_shift_employee_id,employee_shift_shift_id,employee_shift_actual_start,employee_shift_actual_end,employee_shift_actual_position) values (205,108,153,'2018-06-03 11:00:00','2018-06-03 21:00:00',0);
insert into employee_shifts(employee_shift_id,employee_shift_employee_id,employee_shift_shift_id,employee_shift_actual_start,employee_shift_actual_end,employee_shift_actual_position) values (206,105,153,'2018-06-03 11:11:00','2018-06-03 21:20:00',1);
insert into employee_shifts(employee_shift_id,employee_shift_employee_id,employee_shift_shift_id,employee_shift_actual_start,employee_shift_actual_end,employee_shift_actual_position) values (207,107,153,'2018-06-03 11:00:00','2018-06-03 21:00:00',2);
insert into employee_shifts(employee_shift_id,employee_shift_employee_id,employee_shift_shift_id,employee_shift_actual_start,employee_shift_actual_end,employee_shift_actual_position) values (208,103,154,'2018-06-03 16:00:00','2018-06-03 22:00:00',0);
insert into employee_shifts(employee_shift_id,employee_shift_employee_id,employee_shift_shift_id,employee_shift_actual_start,employee_shift_actual_end,employee_shift_actual_position) values (209,108,155,'2018-06-04 11:11:00','2018-06-04 21:30:00',0);
insert into employee_shifts(employee_shift_id,employee_shift_employee_id,employee_shift_shift_id,employee_shift_actual_start,employee_shift_actual_end,employee_shift_actual_position) values (210,105,155,'2018-06-04 11:20:00','2018-06-04 20:45:00',1);
insert into employee_shifts(employee_shift_id,employee_shift_employee_id,employee_shift_shift_id,employee_shift_actual_start,employee_shift_actual_end,employee_shift_actual_position) values (211,107,155,'2018-06-04 11:11:00','2018-06-04 21:00:00',2);
insert into employee_shifts(employee_shift_id,employee_shift_employee_id,employee_shift_shift_id,employee_shift_actual_start,employee_shift_actual_end,employee_shift_actual_position) values (212,103,156,'2018-06-04 16:00:00','2018-06-04 22:10:00',0);
insert into employee_shifts(employee_shift_id,employee_shift_employee_id,employee_shift_shift_id,employee_shift_actual_start,employee_shift_actual_end,employee_shift_actual_position) values (213,101,157,'2018-06-05 11:00:00','2018-06-05 21:00:00',0);
insert into employee_shifts(employee_shift_id,employee_shift_employee_id,employee_shift_shift_id,employee_shift_actual_start,employee_shift_actual_end,employee_shift_actual_position) values (214,104,157,'2018-06-05 11:11:00','2018-06-05 21:20:00',1);
insert into employee_shifts(employee_shift_id,employee_shift_employee_id,employee_shift_shift_id,employee_shift_actual_start,employee_shift_actual_end,employee_shift_actual_position) values (215,106,157,'2018-06-05 11:00:00','2018-06-05 21:00:00',2);
insert into employee_shifts(employee_shift_id,employee_shift_employee_id,employee_shift_shift_id,employee_shift_actual_start,employee_shift_actual_end,employee_shift_actual_position) values (216,102,158,'2018-06-05 16:11:00','2018-06-05 22:00:00',0);
insert into employee_shifts(employee_shift_id,employee_shift_employee_id,employee_shift_shift_id,employee_shift_actual_start,employee_shift_actual_end,employee_shift_actual_position) values (217,101,159,'2018-06-05 11:11:00','2018-06-05 21:30:00',0);
insert into employee_shifts(employee_shift_id,employee_shift_employee_id,employee_shift_shift_id,employee_shift_actual_start,employee_shift_actual_end,employee_shift_actual_position) values (218,104,159,'2018-06-05 11:20:00','2018-06-05 20:45:00',1);
insert into employee_shifts(employee_shift_id,employee_shift_employee_id,employee_shift_shift_id,employee_shift_actual_start,employee_shift_actual_end,employee_shift_actual_position) values (219,106,159,'2018-06-05 11:11:00','2018-06-05 21:00:00',2);
insert into employee_shifts(employee_shift_id,employee_shift_employee_id,employee_shift_shift_id,employee_shift_actual_start,employee_shift_actual_end,employee_shift_actual_position) values (220,102,160,'2018-06-05 16:11:00','2018-06-05 22:10:00',0);
insert into employee_shifts(employee_shift_id,employee_shift_employee_id,employee_shift_shift_id,employee_shift_actual_start,employee_shift_actual_end,employee_shift_actual_position) values (221,108,161,'2018-06-06 11:00:00','2018-06-06 21:00:00',0);
insert into employee_shifts(employee_shift_id,employee_shift_employee_id,employee_shift_shift_id,employee_shift_actual_start,employee_shift_actual_end,employee_shift_actual_position) values (222,105,161,'2018-06-06 11:11:00','2018-06-06 21:20:00',1);
insert into employee_shifts(employee_shift_id,employee_shift_employee_id,employee_shift_shift_id,employee_shift_actual_start,employee_shift_actual_end,employee_shift_actual_position) values (223,107,161,'2018-06-06 11:00:00','2018-06-06 21:00:00',2);
insert into employee_shifts(employee_shift_id,employee_shift_employee_id,employee_shift_shift_id,employee_shift_actual_start,employee_shift_actual_end,employee_shift_actual_position) values (224,103,162,'2018-06-06 16:00:00','2018-06-06 22:00:00',0);
insert into employee_shifts(employee_shift_id,employee_shift_employee_id,employee_shift_shift_id,employee_shift_actual_start,employee_shift_actual_end,employee_shift_actual_position) values (225,108,163,'2018-06-06 11:00:00','2018-06-06 21:30:00',0);
insert into employee_shifts(employee_shift_id,employee_shift_employee_id,employee_shift_shift_id,employee_shift_actual_start,employee_shift_actual_end,employee_shift_actual_position) values (226,105,163,'2018-06-06 11:20:00','2018-06-06 20:45:00',1);
insert into employee_shifts(employee_shift_id,employee_shift_employee_id,employee_shift_shift_id,employee_shift_actual_start,employee_shift_actual_end,employee_shift_actual_position) values (227,107,163,'2018-06-06 11:00:00','2018-06-06 21:00:00',2);
insert into employee_shifts(employee_shift_id,employee_shift_employee_id,employee_shift_shift_id,employee_shift_actual_start,employee_shift_actual_end,employee_shift_actual_position) values (228,103,164,'2018-06-06 16:20:00','2018-06-06 22:10:00',0);
insert into employee_shifts(employee_shift_id,employee_shift_employee_id,employee_shift_shift_id,employee_shift_actual_start,employee_shift_actual_end,employee_shift_actual_position) values (229,101,165,'2018-06-07 11:00:00','2018-06-07 21:00:00',0);
insert into employee_shifts(employee_shift_id,employee_shift_employee_id,employee_shift_shift_id,employee_shift_actual_start,employee_shift_actual_end,employee_shift_actual_position) values (230,104,165,'2018-06-07 11:11:00','2018-06-07 21:20:00',1);
insert into employee_shifts(employee_shift_id,employee_shift_employee_id,employee_shift_shift_id,employee_shift_actual_start,employee_shift_actual_end,employee_shift_actual_position) values (231,106,165,'2018-06-07 11:00:00','2018-06-07 21:00:00',2);
insert into employee_shifts(employee_shift_id,employee_shift_employee_id,employee_shift_shift_id,employee_shift_actual_start,employee_shift_actual_end,employee_shift_actual_position) values (232,102,166,'2018-06-07 16:00:00','2018-06-07 22:00:00',0);
insert into employee_shifts(employee_shift_id,employee_shift_employee_id,employee_shift_shift_id,employee_shift_actual_start,employee_shift_actual_end,employee_shift_actual_position) values (233,101,167,'2018-06-08 11:11:00','2018-06-08 21:30:00',0);
insert into employee_shifts(employee_shift_id,employee_shift_employee_id,employee_shift_shift_id,employee_shift_actual_start,employee_shift_actual_end,employee_shift_actual_position) values (234,104,167,'2018-06-08 11:20:00','2018-06-08 20:45:00',1);
insert into employee_shifts(employee_shift_id,employee_shift_employee_id,employee_shift_shift_id,employee_shift_actual_start,employee_shift_actual_end,employee_shift_actual_position) values (235,106,167,'2018-06-08 11:11:00','2018-06-08 21:00:00',2);
insert into employee_shifts(employee_shift_id,employee_shift_employee_id,employee_shift_shift_id,employee_shift_actual_start,employee_shift_actual_end,employee_shift_actual_position) values (236,102,168,'2018-06-08 16:20:00','2018-06-08 22:10:00',0);
insert into employee_shifts(employee_shift_id,employee_shift_employee_id,employee_shift_shift_id,employee_shift_actual_start,employee_shift_actual_end,employee_shift_actual_position) values (237,108,169,'2018-06-09 11:00:00','2018-06-09 21:00:00',0);
insert into employee_shifts(employee_shift_id,employee_shift_employee_id,employee_shift_shift_id,employee_shift_actual_start,employee_shift_actual_end,employee_shift_actual_position) values (238,105,169,'2018-06-09 11:11:00','2018-06-09 21:20:00',1);
insert into employee_shifts(employee_shift_id,employee_shift_employee_id,employee_shift_shift_id,employee_shift_actual_start,employee_shift_actual_end,employee_shift_actual_position) values (239,107,169,'2018-06-09 11:00:00','2018-06-09 21:00:00',2);
insert into employee_shifts(employee_shift_id,employee_shift_employee_id,employee_shift_shift_id,employee_shift_actual_start,employee_shift_actual_end,employee_shift_actual_position) values (240,103,170,'2018-06-09 16:00:00','2018-06-09 22:00:00',0);
insert into employee_shifts(employee_shift_id,employee_shift_employee_id,employee_shift_shift_id,employee_shift_actual_start,employee_shift_actual_end,employee_shift_actual_position) values (241,108,171,'2018-06-10 11:11:00','2018-06-10 21:30:00',0);
insert into employee_shifts(employee_shift_id,employee_shift_employee_id,employee_shift_shift_id,employee_shift_actual_start,employee_shift_actual_end,employee_shift_actual_position) values (242,105,171,'2018-06-10 11:20:00','2018-06-10 20:45:00',1);
insert into employee_shifts(employee_shift_id,employee_shift_employee_id,employee_shift_shift_id,employee_shift_actual_start,employee_shift_actual_end,employee_shift_actual_position) values (243,107,171,'2018-06-10 11:11:00','2018-06-10 21:00:00',2);
insert into employee_shifts(employee_shift_id,employee_shift_employee_id,employee_shift_shift_id,employee_shift_actual_start,employee_shift_actual_end,employee_shift_actual_position) values (244,103,172,'2018-06-10 16:00:00','2018-06-10 22:10:00',0);
insert into employee_shifts(employee_shift_id,employee_shift_employee_id,employee_shift_shift_id,employee_shift_actual_start,employee_shift_actual_end,employee_shift_actual_position) values (245,101,173,'2018-06-13 11:00:00','2018-06-13 21:00:00',0);
insert into employee_shifts(employee_shift_id,employee_shift_employee_id,employee_shift_shift_id,employee_shift_actual_start,employee_shift_actual_end,employee_shift_actual_position) values (246,104,173,'2018-06-13 11:11:00','2018-06-13 21:20:00',1);
insert into employee_shifts(employee_shift_id,employee_shift_employee_id,employee_shift_shift_id,employee_shift_actual_start,employee_shift_actual_end,employee_shift_actual_position) values (247,106,173,'2018-06-13 11:00:00','2018-06-13 21:00:00',2);
insert into employee_shifts(employee_shift_id,employee_shift_employee_id,employee_shift_shift_id,employee_shift_actual_start,employee_shift_actual_end,employee_shift_actual_position) values (248,102,174,'2018-06-13 16:11:00','2018-06-13 22:00:00',0);
insert into employee_shifts(employee_shift_id,employee_shift_employee_id,employee_shift_shift_id,employee_shift_actual_start,employee_shift_actual_end,employee_shift_actual_position) values (249,101,175,'2018-06-14 11:11:00','2018-06-14 21:30:00',0);
insert into employee_shifts(employee_shift_id,employee_shift_employee_id,employee_shift_shift_id,employee_shift_actual_start,employee_shift_actual_end,employee_shift_actual_position) values (250,104,175,'2018-06-14 11:20:00','2018-06-14 20:45:00',1);
insert into employee_shifts(employee_shift_id,employee_shift_employee_id,employee_shift_shift_id,employee_shift_actual_start,employee_shift_actual_end,employee_shift_actual_position) values (251,106,175,'2018-06-14 11:11:00','2018-06-14 21:00:00',2);
insert into employee_shifts(employee_shift_id,employee_shift_employee_id,employee_shift_shift_id,employee_shift_actual_start,employee_shift_actual_end,employee_shift_actual_position) values (252,102,176,'2018-06-14 16:11:00','2018-06-14 22:10:00',0);
insert into employee_shifts(employee_shift_id,employee_shift_employee_id,employee_shift_shift_id,employee_shift_actual_start,employee_shift_actual_end,employee_shift_actual_position) values (253,108,177,'2018-06-15 11:00:00','2018-06-15 21:00:00',0);
insert into employee_shifts(employee_shift_id,employee_shift_employee_id,employee_shift_shift_id,employee_shift_actual_start,employee_shift_actual_end,employee_shift_actual_position) values (254,105,177,'2018-06-15 11:11:00','2018-06-15 21:20:00',1);
insert into employee_shifts(employee_shift_id,employee_shift_employee_id,employee_shift_shift_id,employee_shift_actual_start,employee_shift_actual_end,employee_shift_actual_position) values (255,107,177,'2018-06-15 11:00:00','2018-06-15 21:00:00',2);
insert into employee_shifts(employee_shift_id,employee_shift_employee_id,employee_shift_shift_id,employee_shift_actual_start,employee_shift_actual_end,employee_shift_actual_position) values (256,103,178,'2018-06-15 16:00:00','2018-06-15 22:00:00',0);
insert into employee_shifts(employee_shift_id,employee_shift_employee_id,employee_shift_shift_id,employee_shift_actual_start,employee_shift_actual_end,employee_shift_actual_position) values (257,108,179,'2018-06-16 11:00:00','2018-06-16 21:30:00',0);
insert into employee_shifts(employee_shift_id,employee_shift_employee_id,employee_shift_shift_id,employee_shift_actual_start,employee_shift_actual_end,employee_shift_actual_position) values (258,105,179,'2018-06-16 11:20:00','2018-06-16 20:45:00',1);
insert into employee_shifts(employee_shift_id,employee_shift_employee_id,employee_shift_shift_id,employee_shift_actual_start,employee_shift_actual_end,employee_shift_actual_position) values (259,107,179,'2018-06-16 11:00:00','2018-06-16 21:00:00',2);
insert into employee_shifts(employee_shift_id,employee_shift_employee_id,employee_shift_shift_id,employee_shift_actual_start,employee_shift_actual_end,employee_shift_actual_position) values (260,103,180,null,null,null);
insert into employee_shifts(employee_shift_id,employee_shift_employee_id,employee_shift_shift_id,employee_shift_actual_start,employee_shift_actual_end,employee_shift_actual_position) values (261,101,181,null,null,null);
insert into employee_shifts(employee_shift_id,employee_shift_employee_id,employee_shift_shift_id,employee_shift_actual_start,employee_shift_actual_end,employee_shift_actual_position) values (262,104,181,null,null,null);
insert into employee_shifts(employee_shift_id,employee_shift_employee_id,employee_shift_shift_id,employee_shift_actual_start,employee_shift_actual_end,employee_shift_actual_position) values (263,106,181,null,null,null);
insert into employee_shifts(employee_shift_id,employee_shift_employee_id,employee_shift_shift_id,employee_shift_actual_start,employee_shift_actual_end,employee_shift_actual_position) values (264,102,182,null,null,null);
insert into employee_shifts(employee_shift_id,employee_shift_employee_id,employee_shift_shift_id,employee_shift_actual_start,employee_shift_actual_end,employee_shift_actual_position) values (265,101,183,null,null,null);
insert into employee_shifts(employee_shift_id,employee_shift_employee_id,employee_shift_shift_id,employee_shift_actual_start,employee_shift_actual_end,employee_shift_actual_position) values (266,104,183,null,null,null);
insert into employee_shifts(employee_shift_id,employee_shift_employee_id,employee_shift_shift_id,employee_shift_actual_start,employee_shift_actual_end,employee_shift_actual_position) values (267,106,183,null,null,null);
insert into employee_shifts(employee_shift_id,employee_shift_employee_id,employee_shift_shift_id,employee_shift_actual_start,employee_shift_actual_end,employee_shift_actual_position) values (268,102,184,null,null,null);
insert into employee_shifts(employee_shift_id,employee_shift_employee_id,employee_shift_shift_id,employee_shift_actual_start,employee_shift_actual_end,employee_shift_actual_position) values (269,108,185,null,null,null);
insert into employee_shifts(employee_shift_id,employee_shift_employee_id,employee_shift_shift_id,employee_shift_actual_start,employee_shift_actual_end,employee_shift_actual_position) values (270,105,185,null,null,null);
insert into employee_shifts(employee_shift_id,employee_shift_employee_id,employee_shift_shift_id,employee_shift_actual_start,employee_shift_actual_end,employee_shift_actual_position) values (271,107,185,null,null,null);
insert into employee_shifts(employee_shift_id,employee_shift_employee_id,employee_shift_shift_id,employee_shift_actual_start,employee_shift_actual_end,employee_shift_actual_position) values (272,103,186,null,null,null);
insert into employee_shifts(employee_shift_id,employee_shift_employee_id,employee_shift_shift_id,employee_shift_actual_start,employee_shift_actual_end,employee_shift_actual_position) values (273,108,187,null,null,null);
insert into employee_shifts(employee_shift_id,employee_shift_employee_id,employee_shift_shift_id,employee_shift_actual_start,employee_shift_actual_end,employee_shift_actual_position) values (274,105,187,null,null,null);
insert into employee_shifts(employee_shift_id,employee_shift_employee_id,employee_shift_shift_id,employee_shift_actual_start,employee_shift_actual_end,employee_shift_actual_position) values (275,107,187,null,null,null);
insert into employee_shifts(employee_shift_id,employee_shift_employee_id,employee_shift_shift_id,employee_shift_actual_start,employee_shift_actual_end,employee_shift_actual_position) values (276,103,188,null,null,null);
insert into employee_shifts(employee_shift_id,employee_shift_employee_id,employee_shift_shift_id,employee_shift_actual_start,employee_shift_actual_end,employee_shift_actual_position) values (277,101,189,null,null,null);
insert into employee_shifts(employee_shift_id,employee_shift_employee_id,employee_shift_shift_id,employee_shift_actual_start,employee_shift_actual_end,employee_shift_actual_position) values (278,104,189,null,null,null);
insert into employee_shifts(employee_shift_id,employee_shift_employee_id,employee_shift_shift_id,employee_shift_actual_start,employee_shift_actual_end,employee_shift_actual_position) values (279,106,189,null,null,null);
insert into employee_shifts(employee_shift_id,employee_shift_employee_id,employee_shift_shift_id,employee_shift_actual_start,employee_shift_actual_end,employee_shift_actual_position) values (280,102,190,null,null,null);
insert into employee_shifts(employee_shift_id,employee_shift_employee_id,employee_shift_shift_id,employee_shift_actual_start,employee_shift_actual_end,employee_shift_actual_position) values (281,101,191,null,null,null);
insert into employee_shifts(employee_shift_id,employee_shift_employee_id,employee_shift_shift_id,employee_shift_actual_start,employee_shift_actual_end,employee_shift_actual_position) values (282,104,191,null,null,null);
insert into employee_shifts(employee_shift_id,employee_shift_employee_id,employee_shift_shift_id,employee_shift_actual_start,employee_shift_actual_end,employee_shift_actual_position) values (283,106,191,null,null,null);
insert into employee_shifts(employee_shift_id,employee_shift_employee_id,employee_shift_shift_id,employee_shift_actual_start,employee_shift_actual_end,employee_shift_actual_position) values (284,102,192,null,null,null);
insert into employee_shifts(employee_shift_id,employee_shift_employee_id,employee_shift_shift_id,employee_shift_actual_start,employee_shift_actual_end,employee_shift_actual_position) values (285,108,193,null,null,null);
insert into employee_shifts(employee_shift_id,employee_shift_employee_id,employee_shift_shift_id,employee_shift_actual_start,employee_shift_actual_end,employee_shift_actual_position) values (286,105,193,null,null,null);
insert into employee_shifts(employee_shift_id,employee_shift_employee_id,employee_shift_shift_id,employee_shift_actual_start,employee_shift_actual_end,employee_shift_actual_position) values (287,107,193,null,null,null);
insert into employee_shifts(employee_shift_id,employee_shift_employee_id,employee_shift_shift_id,employee_shift_actual_start,employee_shift_actual_end,employee_shift_actual_position) values (288,103,194,null,null,null);
insert into employee_shifts(employee_shift_id,employee_shift_employee_id,employee_shift_shift_id,employee_shift_actual_start,employee_shift_actual_end,employee_shift_actual_position) values (289,108,195,null,null,null);
insert into employee_shifts(employee_shift_id,employee_shift_employee_id,employee_shift_shift_id,employee_shift_actual_start,employee_shift_actual_end,employee_shift_actual_position) values (290,105,195,null,null,null);
insert into employee_shifts(employee_shift_id,employee_shift_employee_id,employee_shift_shift_id,employee_shift_actual_start,employee_shift_actual_end,employee_shift_actual_position) values (291,107,195,null,null,null);
insert into employee_shifts(employee_shift_id,employee_shift_employee_id,employee_shift_shift_id,employee_shift_actual_start,employee_shift_actual_end,employee_shift_actual_position) values (292,103,196,null,null,null);
insert into employee_shifts(employee_shift_id,employee_shift_employee_id,employee_shift_shift_id,employee_shift_actual_start,employee_shift_actual_end,employee_shift_actual_position) values (293,101,197,null,null,null);
insert into employee_shifts(employee_shift_id,employee_shift_employee_id,employee_shift_shift_id,employee_shift_actual_start,employee_shift_actual_end,employee_shift_actual_position) values (294,104,197,null,null,null);
insert into employee_shifts(employee_shift_id,employee_shift_employee_id,employee_shift_shift_id,employee_shift_actual_start,employee_shift_actual_end,employee_shift_actual_position) values (295,106,197,null,null,null);
insert into employee_shifts(employee_shift_id,employee_shift_employee_id,employee_shift_shift_id,employee_shift_actual_start,employee_shift_actual_end,employee_shift_actual_position) values (296,102,198,null,null,null);
insert into employee_shifts(employee_shift_id,employee_shift_employee_id,employee_shift_shift_id,employee_shift_actual_start,employee_shift_actual_end,employee_shift_actual_position) values (297,101,199,null,null,null);
insert into employee_shifts(employee_shift_id,employee_shift_employee_id,employee_shift_shift_id,employee_shift_actual_start,employee_shift_actual_end,employee_shift_actual_position) values (298,104,199,null,null,null);
insert into employee_shifts(employee_shift_id,employee_shift_employee_id,employee_shift_shift_id,employee_shift_actual_start,employee_shift_actual_end,employee_shift_actual_position) values (299,106,199,null,null,null);
insert into employee_shifts(employee_shift_id,employee_shift_employee_id,employee_shift_shift_id,employee_shift_actual_start,employee_shift_actual_end,employee_shift_actual_position) values (300,102,200,null,null,null);
insert into employee_shifts(employee_shift_id,employee_shift_employee_id,employee_shift_shift_id,employee_shift_actual_start,employee_shift_actual_end,employee_shift_actual_position) values (301,108,201,null,null,null);
insert into employee_shifts(employee_shift_id,employee_shift_employee_id,employee_shift_shift_id,employee_shift_actual_start,employee_shift_actual_end,employee_shift_actual_position) values (302,105,201,null,null,null);
insert into employee_shifts(employee_shift_id,employee_shift_employee_id,employee_shift_shift_id,employee_shift_actual_start,employee_shift_actual_end,employee_shift_actual_position) values (303,107,201,null,null,null);
insert into employee_shifts(employee_shift_id,employee_shift_employee_id,employee_shift_shift_id,employee_shift_actual_start,employee_shift_actual_end,employee_shift_actual_position) values (304,103,202,null,null,null);
insert into employee_shifts(employee_shift_id,employee_shift_employee_id,employee_shift_shift_id,employee_shift_actual_start,employee_shift_actual_end,employee_shift_actual_position) values (305,108,203,null,null,null);
insert into employee_shifts(employee_shift_id,employee_shift_employee_id,employee_shift_shift_id,employee_shift_actual_start,employee_shift_actual_end,employee_shift_actual_position) values (306,105,203,null,null,null);
insert into employee_shifts(employee_shift_id,employee_shift_employee_id,employee_shift_shift_id,employee_shift_actual_start,employee_shift_actual_end,employee_shift_actual_position) values (307,107,203,null,null,null);
insert into employee_shifts(employee_shift_id,employee_shift_employee_id,employee_shift_shift_id,employee_shift_actual_start,employee_shift_actual_end,employee_shift_actual_position) values (308,103,204,null,null,null);
insert into employee_shifts(employee_shift_id,employee_shift_employee_id,employee_shift_shift_id,employee_shift_actual_start,employee_shift_actual_end,employee_shift_actual_position) values (309,101,205,null,null,null);
insert into employee_shifts(employee_shift_id,employee_shift_employee_id,employee_shift_shift_id,employee_shift_actual_start,employee_shift_actual_end,employee_shift_actual_position) values (310,104,205,null,null,null);
insert into employee_shifts(employee_shift_id,employee_shift_employee_id,employee_shift_shift_id,employee_shift_actual_start,employee_shift_actual_end,employee_shift_actual_position) values (311,106,205,null,null,null);
insert into employee_shifts(employee_shift_id,employee_shift_employee_id,employee_shift_shift_id,employee_shift_actual_start,employee_shift_actual_end,employee_shift_actual_position) values (312,102,206,null,null,null);
insert into employee_shifts(employee_shift_id,employee_shift_employee_id,employee_shift_shift_id,employee_shift_actual_start,employee_shift_actual_end,employee_shift_actual_position) values (313,101,207,null,null,null);
insert into employee_shifts(employee_shift_id,employee_shift_employee_id,employee_shift_shift_id,employee_shift_actual_start,employee_shift_actual_end,employee_shift_actual_position) values (314,104,207,null,null,null);
insert into employee_shifts(employee_shift_id,employee_shift_employee_id,employee_shift_shift_id,employee_shift_actual_start,employee_shift_actual_end,employee_shift_actual_position) values (315,106,207,null,null,null);
insert into employee_shifts(employee_shift_id,employee_shift_employee_id,employee_shift_shift_id,employee_shift_actual_start,employee_shift_actual_end,employee_shift_actual_position) values (316,102,208,null,null,null);